,Clasificador,Accuracy,Balanced_Accuracy,Recall,Specificity,F1,ROC_AUC
0,LinearSVC,0.7465050095512846,0.6585004215234141,0.7780353258054491,0.5389655172413793,0.8280203889695302,0.6585004215234141
1,SGD,0.5279579743479786,0.5953111235742329,0.5047601781829483,0.6858620689655173,0.588379540499902,0.5953111235742329
2,RandomForest,0.9487193481735605,0.8594228403771801,0.9806847612141303,0.7381609195402299,0.9708679742060313,0.8594228403771801
3,SVC,0.6934427507699505,0.6208614319174196,0.7194240132601264,0.5222988505747127,0.7948029339308302,0.6208614319174196
4,KNeighbors,0.8448403571010876,0.6001095305967652,0.9313684864808867,0.2688505747126437,0.910654883227757,0.6001095305967652
5,GaussianNB,0.8743928111964447,0.5461507916662203,0.9903475603439345,0.10195402298850573,0.9320348219352901,0.5461507916662203
6,GradientBoosting,0.90577950177381,0.6782595607821285,0.9862892365067853,0.3702298850574713,0.9479026184545918,0.6782595607821285
7,AdaBoost,0.8916299559471366,0.6312982802082849,0.9837459857039261,0.2788505747126437,0.9404405709247403,0.6312982802082849
