C,ROC_AUC_Train,ROC_AUC_Test,Recall_Train,Recall_Test,F1_Train,F1_Test,Specificity_Train,Specificity_Test
0.1,0.805515613677918,0.7735545180154688,0.8295698924731182,0.8201612903225806,0.8790162138296951,0.8678210833357257,0.6152908468776733,0.5850877192982457
1,0.8202878197777512,0.7706918505942275,0.8497311827956988,0.8403225806451612,0.8914467502232274,0.8754970224907632,0.6230431993156544,0.5459064327485381
