,Clasificador,Accuracy,Balanced_Accuracy,Recall,Specificity,F1,ROC_AUC
0,RandomForest,0.9461660561660564,0.5757403971689686,0.9959252387823815,0.15555555555555556,0.9720985265894284,0.5757403971689686
1,SVC,0.9407875457875462,0.5,1.0,0.0,0.9694866748338116,0.5
2,LinearSVC,0.9407875457875462,0.5,1.0,0.0,0.9694866748338116,0.5
3,KNeighbors,0.9372741147741153,0.5416855631141345,0.9905139833711262,0.09285714285714283,0.9674316611405375,0.5416855631141345
4,SGD,0.9407875457875462,0.5,1.0,0.0,0.9694866748338116,0.5
5,GradientBoosting,0.9407661782661786,0.5353243317529032,0.9952518381089809,0.07539682539682539,0.9693431847222054,0.5353243317529032
6,GaussianNB,0.06493284493284493,0.5004277468563183,0.006411049268192126,0.9944444444444444,0.012575300667321635,0.5004277468563183
7,AdaBoost,0.9395177045177049,0.5019343090771662,0.9983130625987768,0.005555555555555555,0.9687975360851062,0.5019343090771662
