,Clasificador,Accuracy,Balanced_Accuracy,Recall,Specificity,F1,ROC_AUC
0,KNeighbors,0.8674972914409533,0.5942817392944727,0.963709677419355,0.22485380116959064,0.9258726275960605,0.5942817392944727
1,GaussianNB,0.8849453363537869,0.5835762120354648,0.9911290322580646,0.17602339181286547,0.9373321503890498,0.5835762120354648
2,SGD,0.8954693194129811,0.6309045463120165,0.988709677419355,0.27309941520467834,0.9425745752718697,0.6309045463120165
3,GradientBoosting,0.8912538166059294,0.6513535182041124,0.9758064516129032,0.3269005847953216,0.9396082287652717,0.6513535182041124
4,LinearSVC,0.9004038215305821,0.6246675155631013,0.9975806451612904,0.25175438596491223,0.9457437831646278,0.6246675155631013
5,SVC,0.891293213828425,0.585123089983022,0.9991935483870968,0.17105263157894735,0.9411688152972977,0.585123089983022
6,RandomForest,0.8989855215207327,0.6759903791737407,0.9774193548387096,0.37456140350877193,0.9439042342153966,0.6759903791737407
7,AdaBoost,0.898941199645425,0.664556215808338,0.9814516129032258,0.3476608187134502,0.9439837271209868,0.664556215808338
