C,Accuracy_Train,Accuracy_Test,ROC_AUC_Train,ROC_AUC_Test,Recall_Train,Recall_Test,F1_Train,F1_Test,Specificity_Train,Specificity_Test
0.1,0.8314604108847303,0.8307643061164189,0.8266574857198046,0.8090077343897379,0.8620967741935484,0.8620967741935484,0.8989207529949171,0.8964511935032522,0.6272348160821215,0.6233918128654972
1,0.8132266421913205,0.8060917955284153,0.8377858849633043,0.8203027730616863,0.8300179211469534,0.8241935483870968,0.8853727923883689,0.8759722093689872,0.7012902765896778,0.6871345029239766
