,Clasificador,Accuracy,Balanced_Accuracy,Recall,Specificity,F1,ROC_AUC
0,GradientBoosting,0.9246234001585685,0.6042774685631829,0.9955919741634027,0.21296296296296297,0.9600778605788444,0.6042774685631829
1,LinearSVC,0.912005889681731,0.5151851851851852,1.0,0.030370370370370374,0.9538487755196278,0.5151851851851852
2,RandomForest,0.9683457922754556,0.8568109668109669,0.9928811928811928,0.7207407407407407,0.9828916678626227,0.8568109668109669
3,GaussianNB,0.09751953788651034,0.5022122586408301,0.00775785061499347,0.9966666666666666,0.015202751647713791,0.5022122586408301
4,AdaBoost,0.9067618076792392,0.5166089466089465,0.9932178932178932,0.04,0.9508958523292718,0.5166089466089465
5,KNeighbors,0.90214350436063,0.6213011063011061,0.9644540644540645,0.27814814814814814,0.9470673439766811,0.6213011063011061
6,SVC,0.9101568694076343,0.5050000000000001,1.0,0.010000000000000002,0.9529188429292154,0.5050000000000001
7,SGD,0.912005889681731,0.5151851851851852,1.0,0.030370370370370374,0.9538487755196278,0.5151851851851852
