,Clasificador,Accuracy,Balanced_Accuracy,Recall,Specificity,F1,ROC_AUC
0,LinearSVC,0.6360347985347984,0.5893630179344463,0.6422180993609565,0.5365079365079365,0.7669686627036597,0.5893630179344466
1,KNeighbors,0.9372741147741153,0.5416855631141345,0.9905139833711262,0.09285714285714283,0.9674316611405375,0.5416855631141345
2,AdaBoost,0.9395177045177049,0.5019343090771662,0.9983130625987768,0.005555555555555555,0.9687975360851062,0.5019343090771662
3,RandomForest,0.9474481074481077,0.5760221260221259,0.9972823472823472,0.15476190476190474,0.97277866492843,0.576022126022126
4,GaussianNB,0.06493284493284493,0.5004277468563183,0.006411049268192126,0.9944444444444444,0.012575300667321635,0.5004277468563183
5,SGD,0.5802930402930404,0.5392513571084999,0.585645571359857,0.4928571428571429,0.6874447423729528,0.5392513571084999
6,GradientBoosting,0.9407661782661786,0.5353243317529032,0.9952518381089809,0.07539682539682539,0.9693431847222054,0.5353243317529032
7,SVC,0.5205250305250304,0.5415876451590736,0.5173022744451315,0.5658730158730158,0.665764560715819,0.5415876451590736
