,Clasificador,Accuracy,Balanced_Accuracy,Recall,Specificity,F1,ROC_AUC
0,RandomForest,0.9073138297872343,0.6922667440960123,0.9821525358110728,0.40238095238095223,0.9485762305079578,0.6922667440960123
1,SGD,0.5809397163120569,0.6371951219512194,0.559310878823074,0.715079365079365,0.623727086216833,0.6371951219512194
2,AdaBoost,0.9022310874704492,0.6815137437088655,0.9789005032907474,0.38412698412698404,0.9457191365929586,0.6815137437088655
3,GaussianNB,0.8912234042553195,0.5837204800619434,0.9991869918699188,0.16825396825396827,0.9411967307128654,0.5837204800619434
4,LinearSVC,0.8161052009456264,0.7167634533488193,0.850987224157956,0.5825396825396825,0.8841675944603999,0.7167634533488194
5,GradientBoosting,0.9072104018912533,0.6946380178087493,0.9813395276809913,0.4079365079365079,0.9485813113660826,0.6946380178087493
6,SVC,0.6743942080378249,0.6514324428958577,0.6822299651567946,0.6206349206349205,0.7790278368045076,0.6514324428958577
7,KNeighbors,0.8842641843971631,0.6172280294231514,0.9773132017034458,0.2571428571428571,0.9359500782893893,0.6172280294231514
