C,Accuracy_Train,Accuracy_Test,ROC_AUC_Train,ROC_AUC_Test,Recall_Train,Recall_Test,F1_Train,F1_Test,Specificity_Train,Specificity_Test
0.1,0.7053908285438869,0.704673495518566,0.7623415643112137,0.7503855404640634,0.71084229390681,0.710483870967742,0.8075107608435511,0.8033507082180508,0.6690404904476761,0.6652046783625731
1,0.7320359942987984,0.6954643947601694,0.7839858589273067,0.7650785229202037,0.7460573476702509,0.7104838709677419,0.8274432103460285,0.7972928615112392,0.6385799828913602,0.5959064327485379
