C,Accuracy_Train,Accuracy_Test,ROC_AUC_Train,ROC_AUC_Test,Recall_Train,Recall_Test,F1_Train,F1_Test,Specificity_Train,Specificity_Test
0.1,0.8412779262971568,0.8384615384615385,0.8168478567059431,0.8113209771741181,0.8713261648745521,0.8701612903225806,0.9051600256063559,0.9013509396580488,0.6409751924721985,0.6286549707602339
1,0.8274857166444495,0.826484782822811,0.8298208227043098,0.8175980946991134,0.8491935483870968,0.8491935483870968,0.8953675553871474,0.8916947477888876,0.6827808668377531,0.6763157894736842
