,Clasificador,Accuracy,Balanced_Accuracy,Recall,Specificity,F1,ROC_AUC
0,SVC,0.5356863744478424,0.588167044595616,0.52411186696901,0.6522222222222221,0.6687343756752931,0.588167044595616
1,KNeighbors,0.90214350436063,0.6213011063011061,0.9644540644540645,0.27814814814814814,0.9470673439766811,0.6213011063011061
2,AdaBoost,0.9067618076792392,0.5166089466089465,0.9932178932178932,0.04,0.9508958523292718,0.5166089466089465
3,LinearSVC,0.642400045305244,0.6131917817632104,0.6489761561190134,0.5774074074074075,0.7659373765294099,0.6131917817632104
4,SGD,0.43440933288028094,0.5323964131106987,0.4122002336288052,0.6525925925925926,0.5106847550611093,0.5323964131106987
5,GaussianNB,0.09751953788651034,0.5022122586408301,0.00775785061499347,0.9966666666666666,0.015202751647713791,0.5022122586408301
6,GradientBoosting,0.9237031373881528,0.6007757850614994,0.9952552738267023,0.2062962962962963,0.9595980860989562,0.6007757850614994
7,RandomForest,0.9711179068977233,0.8630096887239745,0.9949082663368376,0.7311111111111112,0.9844062767132986,0.8630096887239745
