,Clasificador,Accuracy,Balanced_Accuracy,Recall,Specificity,F1,ROC_AUC
0,SGD,0.8770457292113368,0.5566131516495975,0.9903527400808038,0.1228735632183908,0.933354830866554,0.5566131516495975
1,RandomForest,0.9473860668200071,0.8643703285620218,0.9771314617217446,0.7516091954022988,0.9700299762843173,0.8643703285620218
2,LinearSVC,0.882353514482866,0.5711341272024301,0.9923831969335957,0.14988505747126438,0.9361734259329886,0.5711341272024301
3,SVC,0.8757182955830183,0.5325563221963037,0.9969517248523776,0.06816091954022989,0.9331128267012039,0.5325563221963037
4,KNeighbors,0.8448403571010876,0.6001095305967652,0.9313684864808867,0.2688505747126437,0.910654883227757,0.6001095305967652
5,AdaBoost,0.8916299559471366,0.6312982802082849,0.9837459857039261,0.2788505747126437,0.9404405709247403,0.6312982802082849
6,GradientBoosting,0.9053370238977039,0.6794134334987277,0.9852636486066508,0.3735632183908046,0.9476324289636293,0.6794134334987277
7,GaussianNB,0.8743928111964447,0.5461507916662203,0.9903475603439345,0.10195402298850573,0.9320348219352901,0.5461507916662203
